Area,Page,URL
Subang,0,https://www.propertyguru.com.my/property-listing/subang-subang-subang-subang-subang-for-sale-by-ashely-chan-35690882
Subang,0,https://www.propertyguru.com.my/property-listing/subang-for-sale-by-fadzil-muhammad-36776271
Subang,0,https://www.propertyguru.com.my/property-listing/subang-subang-subang-subang-subang-subang-for-sale-by-valerie-goh-36749278
Subang,0,https://www.propertyguru.com.my/property-listing/subang-subang-subang-for-sale-by-ah-yang-36308010
Subang,0,https://www.propertyguru.com.my/property-listing/subang-for-sale-by-kok-tiong-31320782
Subang,0,https://www.propertyguru.com.my/property-listing/subang-for-sale-by-intan-sharina-35709856
Subang,0,https://www.propertyguru.com.my/property-listing/subang-subang-for-sale-by-zaimah-zamri-36282725
Subang,0,https://www.propertyguru.com.my/property-listing/subang-subang-subang-subang-for-sale-by-evan-leow-36371947
Subang,0,https://www.propertyguru.com.my/property-listing/subang-subang-subang-for-sale-by-shahrul-hafizi-36308969
Subang,0,https://www.propertyguru.com.my/property-listing/subang-alam-for-sale-by-timothy-gan-35144676
Subang,0,https://www.propertyguru.com.my/property-listing/subang-bestari-for-sale-by-sariza-hartanah-36779121
Subang,0,https://www.propertyguru.com.my/property-listing/bukit-subang-for-sale-by-derrick-36779046
Subang,0,https://www.propertyguru.com.my/property-listing/bukit-subang-for-sale-by-ishak-bin-ramli-36754715
Subang,0,https://www.propertyguru.com.my/property-listing/subang-heights-for-sale-by-sa-a-nordin-33849024
Subang,0,https://www.propertyguru.com.my/property-listing/subang-alam-for-sale-by-muhd-fahmie-33201859
Subang,0,https://www.propertyguru.com.my/property-listing/subang-jaya-for-sale-by-zaid-mohd-36774492
Subang,0,https://www.propertyguru.com.my/property-listing/bukit-subang-for-sale-by-zaid-mohd-36774067
Subang,0,https://www.propertyguru.com.my/property-listing/casa-subang-for-sale-by-hector-cheah-36773355
Subang,0,https://www.propertyguru.com.my/property-listing/subang-parkhomes-for-sale-by-jimmy-ong-36773033
Subang,0,https://www.propertyguru.com.my/property-listing/subang-parkhomes-for-sale-by-samantha-chooi-36175133
Subang,0,https://www.propertyguru.com.my/property-listing/subang-subang-subang-subang-subang-for-sale-by-ashely-chan-35690882
Subang,0,https://www.propertyguru.com.my/property-listing/subang-for-sale-by-fadzil-muhammad-36776271
Subang,0,https://www.propertyguru.com.my/property-listing/subang-subang-subang-subang-subang-subang-for-sale-by-valerie-goh-36749278
Subang,0,https://www.propertyguru.com.my/property-listing/subang-subang-subang-for-sale-by-ah-yang-36308010
Subang,0,https://www.propertyguru.com.my/property-listing/subang-for-sale-by-kok-tiong-31320782
Subang,0,https://www.propertyguru.com.my/property-listing/subang-for-sale-by-intan-sharina-35709856
Subang,0,https://www.propertyguru.com.my/property-listing/subang-subang-for-sale-by-zaimah-zamri-36282725
Subang,0,https://www.propertyguru.com.my/property-listing/subang-subang-subang-subang-for-sale-by-evan-leow-36371947
Subang,0,https://www.propertyguru.com.my/property-listing/subang-subang-subang-for-sale-by-shahrul-hafizi-36308969
Subang,0,https://www.propertyguru.com.my/property-listing/subang-alam-for-sale-by-timothy-gan-35144676
Subang,0,https://www.propertyguru.com.my/property-listing/subang-bestari-for-sale-by-sariza-hartanah-36779121
Subang,0,https://www.propertyguru.com.my/property-listing/bukit-subang-for-sale-by-derrick-36779046
Subang,0,https://www.propertyguru.com.my/property-listing/bukit-subang-for-sale-by-ishak-bin-ramli-36754715
Subang,0,https://www.propertyguru.com.my/property-listing/subang-heights-for-sale-by-sa-a-nordin-33849024
Subang,0,https://www.propertyguru.com.my/property-listing/subang-alam-for-sale-by-muhd-fahmie-33201859
Subang,0,https://www.propertyguru.com.my/property-listing/subang-jaya-for-sale-by-zaid-mohd-36774492
Subang,0,https://www.propertyguru.com.my/property-listing/bukit-subang-for-sale-by-zaid-mohd-36774067
Subang,0,https://www.propertyguru.com.my/property-listing/casa-subang-for-sale-by-hector-cheah-36773355
Subang,0,https://www.propertyguru.com.my/property-listing/subang-parkhomes-for-sale-by-jimmy-ong-36773033
Subang,0,https://www.propertyguru.com.my/property-listing/subang-parkhomes-for-sale-by-samantha-chooi-36175133
Subang,1,https://www.propertyguru.com.my/property-listing/subang-subang-subang-subang-subang-for-sale-by-ashely-chan-35690882
Subang,1,https://www.propertyguru.com.my/property-listing/subang-for-sale-by-fadzil-muhammad-36776271
Subang,1,https://www.propertyguru.com.my/property-listing/subang-subang-subang-subang-subang-subang-for-sale-by-valerie-goh-36749278
Subang,1,https://www.propertyguru.com.my/property-listing/subang-subang-subang-for-sale-by-ah-yang-36308010
Subang,1,https://www.propertyguru.com.my/property-listing/subang-for-sale-by-kok-tiong-31320782
Subang,1,https://www.propertyguru.com.my/property-listing/subang-for-sale-by-intan-sharina-35709856
Subang,1,https://www.propertyguru.com.my/property-listing/subang-subang-for-sale-by-zaimah-zamri-36282725
Subang,1,https://www.propertyguru.com.my/property-listing/subang-subang-subang-subang-for-sale-by-evan-leow-36371947
Subang,1,https://www.propertyguru.com.my/property-listing/subang-subang-subang-for-sale-by-shahrul-hafizi-36308969
Subang,1,https://www.propertyguru.com.my/property-listing/subang-alam-for-sale-by-timothy-gan-35144676
Subang,1,https://www.propertyguru.com.my/property-listing/subang-bestari-for-sale-by-sariza-hartanah-36779121
Subang,1,https://www.propertyguru.com.my/property-listing/bukit-subang-for-sale-by-derrick-36779046
Subang,1,https://www.propertyguru.com.my/property-listing/bukit-subang-for-sale-by-ishak-bin-ramli-36754715
Subang,1,https://www.propertyguru.com.my/property-listing/subang-heights-for-sale-by-sa-a-nordin-33849024
Subang,1,https://www.propertyguru.com.my/property-listing/subang-alam-for-sale-by-muhd-fahmie-33201859
Subang,1,https://www.propertyguru.com.my/property-listing/subang-jaya-for-sale-by-zaid-mohd-36774492
Subang,1,https://www.propertyguru.com.my/property-listing/bukit-subang-for-sale-by-zaid-mohd-36774067
Subang,1,https://www.propertyguru.com.my/property-listing/casa-subang-for-sale-by-hector-cheah-36773355
Subang,1,https://www.propertyguru.com.my/property-listing/subang-parkhomes-for-sale-by-jimmy-ong-36773033
Subang,1,https://www.propertyguru.com.my/property-listing/subang-parkhomes-for-sale-by-samantha-chooi-36175133
Subang,2,https://www.propertyguru.com.my/property-listing/subang-bestari-for-sale-by-ishak-bin-ramli-36772326
Subang,2,https://www.propertyguru.com.my/property-listing/casa-subang-for-sale-by-jennifer-tee-36771232
Subang,2,https://www.propertyguru.com.my/property-listing/casa-subang-for-sale-by-jennifer-tee-36771231
Subang,2,https://www.propertyguru.com.my/property-listing/subang-permai-for-sale-by-sheila-mutalib-36771194
Subang,2,https://www.propertyguru.com.my/property-listing/subang-jaya-for-sale-by-bilya-ariff-35294163
Subang,2,https://www.propertyguru.com.my/property-listing/usj-subang-for-sale-by-alex-lee-36614922
Subang,2,https://www.propertyguru.com.my/property-listing/subang-bestari-for-sale-by-ika-36770351
Subang,2,https://www.propertyguru.com.my/property-listing/casa-subang-for-sale-by-haidir-ali-othman-36769273
Subang,2,https://www.propertyguru.com.my/property-listing/subang-parkhomes-for-sale-by-dante-leong-zhenwen-36170734
Subang,2,https://www.propertyguru.com.my/property-listing/subang-bestari-for-sale-by-branson-bay-35859339
Subang,2,https://www.propertyguru.com.my/property-listing/subang-bestari-for-sale-by-jason-lai-34554982
Subang,2,https://www.propertyguru.com.my/property-listing/bukit-subang-for-sale-by-nur-hanizah-36483556
Subang,2,https://www.propertyguru.com.my/property-listing/subang-jaya-subang-jaya-for-sale-by-hairi-halim-36767481
Subang,2,https://www.propertyguru.com.my/property-listing/subang-soho-for-sale-by-hk-lee-36044506
Subang,2,https://www.propertyguru.com.my/property-listing/bukit-subang-for-sale-by-ishak-bin-ramli-36766702
Subang,2,https://www.propertyguru.com.my/property-listing/subang-bestari-for-sale-by-amir-waliyuddin-36766661
Subang,2,https://www.propertyguru.com.my/property-listing/subang-bestari-for-sale-by-zairul-hamedi-bin-zainal-36766475
Subang,2,https://www.propertyguru.com.my/property-listing/subang-soho-for-sale-by-karen-ong-36766404
Subang,2,https://www.propertyguru.com.my/property-listing/subang-soho-for-sale-by-karen-ong-36766403
Subang,2,https://www.propertyguru.com.my/property-listing/subang-soho-for-sale-by-karen-ong-36766402
Subang,3,https://www.propertyguru.com.my/property-listing/subang-soho-for-sale-by-karen-ong-36766401
Subang,3,https://www.propertyguru.com.my/property-listing/subang-soho-for-sale-by-karen-ong-36766399
Subang,3,https://www.propertyguru.com.my/property-listing/subang-soho-for-sale-by-karen-ong-36766398
Subang,3,https://www.propertyguru.com.my/property-listing/subang-soho-for-sale-by-karen-ong-36766397
Subang,3,https://www.propertyguru.com.my/property-listing/subang-soho-for-sale-by-karen-ong-36766396
Subang,3,https://www.propertyguru.com.my/property-listing/subang-heights-for-sale-by-p-utahma-raj-33464587
Subang,3,https://www.propertyguru.com.my/property-listing/subang-bestari-for-sale-by-zairul-hamedi-bin-zainal-36276784
Subang,3,https://www.propertyguru.com.my/property-listing/subang-bestari-for-sale-by-zairul-hamedi-bin-zainal-35978519
Subang,3,https://www.propertyguru.com.my/property-listing/subang-bestari-for-sale-by-zairul-hamedi-bin-zainal-36218716
Subang,3,https://www.propertyguru.com.my/property-listing/subang-bestari-for-sale-by-zairul-hamedi-bin-zainal-35093412
Subang,3,https://www.propertyguru.com.my/property-listing/subang-galaxy-for-sale-by-siti-nurhaliza-36765836
Subang,3,https://www.propertyguru.com.my/property-listing/subang-heights-for-sale-by-foo-sue-may-36765705
Subang,3,https://www.propertyguru.com.my/property-listing/subang-bestari-for-sale-by-shiqin-saidin-36571285
Subang,3,https://www.propertyguru.com.my/property-listing/bukit-subang-for-sale-by-faez-muzamel-35077374
Subang,3,https://www.propertyguru.com.my/property-listing/subang-bestari-for-sale-by-faez-muzamel-36248162
Subang,3,https://www.propertyguru.com.my/property-listing/subang-bestari-for-sale-by-azmira-fadli-36761958
Subang,3,https://www.propertyguru.com.my/property-listing/subang-jaya-for-sale-by-karim-uzir-34818583
Subang,3,https://www.propertyguru.com.my/property-listing/subang-jaya-for-sale-by-karim-uzir-34061522
Subang,3,https://www.propertyguru.com.my/property-listing/subang-jaya-for-sale-by-karim-uzir-34868280
Subang,3,https://www.propertyguru.com.my/property-listing/subang-bestari-for-sale-by-peggy-yong-13498292
Subang,4,https://www.propertyguru.com.my/property-listing/subang-galaxy-for-sale-by-siti-nurhaliza-36761250
Subang,4,https://www.propertyguru.com.my/property-listing/subang-jaya-for-sale-by-ft-lim-36759951
Subang,4,https://www.propertyguru.com.my/property-listing/subang-bestari-for-sale-by-sufian-kamaruddin-36258502
Subang,4,https://www.propertyguru.com.my/property-listing/subang-jaya-for-sale-by-ron-ngiam-30521615
Subang,4,https://www.propertyguru.com.my/property-listing/subang-jaya-for-sale-by-ahmad-fahmy-36752763
Subang,4,https://www.propertyguru.com.my/property-listing/subang-bestari-for-sale-by-sufian-kamaruddin-36374093
Subang,4,https://www.propertyguru.com.my/property-listing/bukit-subang-for-sale-by-riduan-supian-36252131
Subang,4,https://www.propertyguru.com.my/property-listing/indera-subang-for-sale-by-shiao-qian-tsq-36755506
Subang,4,https://www.propertyguru.com.my/property-listing/indera-subang-for-sale-by-shiao-qian-tsq-36755429
Subang,4,https://www.propertyguru.com.my/property-listing/subang-bestari-for-sale-by-siti-khairiyah-jaafar-36755085
Subang,4,https://www.propertyguru.com.my/property-listing/subang-bestari-for-sale-by-zairul-hamedi-bin-zainal-36752840
Subang,4,https://www.propertyguru.com.my/property-listing/subang-hijauan-subang-for-sale-by-annur-najaa-36752749
Subang,4,https://www.propertyguru.com.my/property-listing/indera-subang-for-sale-by-carlson-chee-36473182
Subang,4,https://www.propertyguru.com.my/property-listing/subang-parkhomes-for-sale-by-emelia-chan-36752225
Subang,4,https://www.propertyguru.com.my/property-listing/subang-heights-for-sale-by-eng-siang-lim-29303022
Subang,4,https://www.propertyguru.com.my/property-listing/subang-heights-for-sale-by-joe-er-32245078
Subang,4,https://www.propertyguru.com.my/property-listing/subang-heights-for-sale-by-joe-er-31608764
Subang,4,https://www.propertyguru.com.my/property-listing/subang-bestari-for-sale-by-azie-halim-36374596
Subang,4,https://www.propertyguru.com.my/property-listing/subang-bestari-for-sale-by-mohd-rasydan-34168934
Subang,4,https://www.propertyguru.com.my/property-listing/subang-soho-for-sale-by-monica-lim-30148310
Subang,5,https://www.propertyguru.com.my/property-listing/subang-heights-for-sale-by-sandra-lim-30943480
Subang,5,https://www.propertyguru.com.my/property-listing/subang-heights-for-sale-by-sandra-lim-33542147
Subang,5,https://www.propertyguru.com.my/property-listing/subang-heights-for-sale-by-sandra-lim-29686271
Subang,5,https://www.propertyguru.com.my/property-listing/subang-heights-for-sale-by-sandra-lim-35465940
Subang,5,https://www.propertyguru.com.my/property-listing/subang-heights-for-sale-by-sandra-lim-36256340
Subang,5,https://www.propertyguru.com.my/property-listing/subang-heights-for-sale-by-sandra-lim-32760381
Subang,5,https://www.propertyguru.com.my/property-listing/subang-heights-for-sale-by-sandra-lim-36256232
Subang,5,https://www.propertyguru.com.my/property-listing/subang-heights-for-sale-by-sandra-lim-36028095
Subang,5,https://www.propertyguru.com.my/property-listing/subang-heights-for-sale-by-sandra-lim-34242226
Subang,5,https://www.propertyguru.com.my/property-listing/subang-heights-for-sale-by-sandra-lim-4943342
Subang,5,https://www.propertyguru.com.my/property-listing/indera-subang-for-sale-by-scha-sabri-36214267
Subang,5,https://www.propertyguru.com.my/property-listing/subang-bestari-for-sale-by-reena-sarif-36747678
Subang,5,https://www.propertyguru.com.my/property-listing/casa-subang-for-sale-by-sum-hang-ming-36747369
Subang,5,https://www.propertyguru.com.my/property-listing/subang-parkhomes-for-sale-by-calvin-david-36746537
Subang,5,https://www.propertyguru.com.my/property-listing/subang-alam-for-sale-by-rahman-isa-36193327
Subang,5,https://www.propertyguru.com.my/property-listing/subang-soho-for-sale-by-clement-chee-36390269
Subang,5,https://www.propertyguru.com.my/property-listing/subang-soho-for-sale-by-clement-chee-36621687
Subang,5,https://www.propertyguru.com.my/property-listing/indera-subang-for-sale-by-clement-chee-36621737
Subang,5,https://www.propertyguru.com.my/property-listing/subang-parkhomes-for-sale-by-casey-ong-36743407
Subang,5,https://www.propertyguru.com.my/property-listing/subang-soho-for-sale-by-justin-tan-36216196
Subang,6,https://www.propertyguru.com.my/property-listing/subang-soho-for-sale-by-karen-ong-36678449
Subang,6,https://www.propertyguru.com.my/property-listing/subang-parkhomes-for-sale-by-lorna-lim-35552164
Subang,6,https://www.propertyguru.com.my/property-listing/subang-avenue-for-sale-by-lorna-lim-34941213
Subang,6,https://www.propertyguru.com.my/property-listing/first-subang-for-sale-by-lorna-lim-35319821
Subang,6,https://www.propertyguru.com.my/property-listing/subang-parkhomes-for-sale-by-lorna-lim-34940597
Subang,6,https://www.propertyguru.com.my/property-listing/subang-parkhomes-for-sale-by-wilson-tan-36633871
Subang,6,https://www.propertyguru.com.my/property-listing/subang-galaxy-for-sale-by-siti-nurhaliza-36738107
Subang,6,https://www.propertyguru.com.my/property-listing/subang-jaya-subang-jaya-subang-jaya-for-sale-by-kathy-36736991
Subang,6,https://www.propertyguru.com.my/property-listing/subang-soho-for-sale-by-simon-khoo-36736436
Subang,6,https://www.propertyguru.com.my/property-listing/subang-soho-for-sale-by-ken-soon-36474609
Subang,6,https://www.propertyguru.com.my/property-listing/subang-soho-for-sale-by-ken-soon-36474515
Subang,6,https://www.propertyguru.com.my/property-listing/subang-soho-for-sale-by-ken-soon-36288435
Subang,6,https://www.propertyguru.com.my/property-listing/subang-jaya-for-sale-by-jackie-low-36736297
Subang,6,https://www.propertyguru.com.my/property-listing/subang-heights-for-sale-by-joe-er-31593926
Subang,6,https://www.propertyguru.com.my/property-listing/subang-heights-for-sale-by-joe-er-35880310
Subang,6,https://www.propertyguru.com.my/property-listing/subang-heights-for-sale-by-joe-er-33272570
Subang,6,https://www.propertyguru.com.my/property-listing/subang-galaxy-for-sale-by-zaid-mohd-36734917
Subang,6,https://www.propertyguru.com.my/property-listing/bukit-subang-for-sale-by-wan-rafizal-36734791
Subang,6,https://www.propertyguru.com.my/property-listing/bukit-subang-for-sale-by-ashraf-oriental-36734601
Subang,6,https://www.propertyguru.com.my/property-listing/subang-bestari-for-sale-by-alif-saad-36734090
Subang,7,https://www.propertyguru.com.my/property-listing/subang-heights-for-sale-by-lai-yk-34828748
Subang,7,https://www.propertyguru.com.my/property-listing/subang-heights-for-sale-by-lai-yk-34582986
Subang,7,https://www.propertyguru.com.my/property-listing/subang-jaya-for-sale-by-lai-yk-32776194
Subang,7,https://www.propertyguru.com.my/property-listing/subang-heights-for-sale-by-lai-yk-35809319
Subang,7,https://www.propertyguru.com.my/property-listing/subang-heights-for-sale-by-muhamad-azwan-muhhammad-36733347
Subang,7,https://www.propertyguru.com.my/property-listing/casa-subang-for-sale-by-jason-35906618
Subang,7,https://www.propertyguru.com.my/property-listing/subang-galaxy-for-sale-by-siti-nurhaliza-36730974
Subang,7,https://www.propertyguru.com.my/property-listing/casa-subang-for-sale-by-christine-tan-36730459
Subang,7,https://www.propertyguru.com.my/property-listing/subang-bestari-for-sale-by-ziyang-chen-32863120
Subang,7,https://www.propertyguru.com.my/property-listing/subang-bestari-for-sale-by-ziyang-chen-36252402
Subang,7,https://www.propertyguru.com.my/property-listing/subang-bestari-for-sale-by-alvin-lim-36729426
Subang,7,https://www.propertyguru.com.my/property-listing/subang-heights-for-sale-by-melissa-ting-36728648
Subang,7,https://www.propertyguru.com.my/property-listing/subang-parkhomes-for-sale-by-joseph-tan-36049995
Subang,7,https://www.propertyguru.com.my/property-listing/subang-parkhomes-for-sale-by-joseph-tan-32791772
Subang,7,https://www.propertyguru.com.my/property-listing/subang-parkhomes-for-sale-by-joseph-tan-35709550
Subang,7,https://www.propertyguru.com.my/property-listing/casa-subang-for-sale-by-desmond-tang-36726742
Subang,7,https://www.propertyguru.com.my/property-listing/subang-parkhomes-for-sale-by-naomi-thing-34159551
Subang,7,https://www.propertyguru.com.my/property-listing/subang-bestari-for-sale-by-shiqin-saidin-36131384
Subang,7,https://www.propertyguru.com.my/property-listing/casa-subang-for-sale-by-yumi-lim-36721364
Subang,7,https://www.propertyguru.com.my/property-listing/subang-bestari-for-sale-by-tommy-liew-36721008
Subang,8,https://www.propertyguru.com.my/property-listing/subang-soho-for-sale-by-nic-yap-36343921
Subang,8,https://www.propertyguru.com.my/property-listing/bukit-subang-for-sale-by-hairul-hafiz-harun-36719518
Subang,8,https://www.propertyguru.com.my/property-listing/subang-bestari-for-sale-by-khairil-anwar-sirajudin-36253579
Subang,8,https://www.propertyguru.com.my/property-listing/subang-parkhomes-for-sale-by-anthony-chin-34174082
Subang,8,https://www.propertyguru.com.my/property-listing/subang-avenue-for-sale-by-jeffsally-lee-36717579
Subang,8,https://www.propertyguru.com.my/property-listing/saujana-subang-for-sale-by-usamah-kamarudin-36029843
Subang,8,https://www.propertyguru.com.my/property-listing/subang-jaya-for-sale-by-jackie-low-36715358
Subang,8,https://www.propertyguru.com.my/property-listing/casa-subang-for-sale-by-yumi-lim-36714241
Subang,8,https://www.propertyguru.com.my/property-listing/casa-subang-for-sale-by-bryan-yeoh-36714165
Subang,8,https://www.propertyguru.com.my/property-listing/casa-subang-for-sale-by-bryan-yeoh-36714148
Subang,8,https://www.propertyguru.com.my/property-listing/casa-subang-for-sale-by-max-bu-36713646
Subang,8,https://www.propertyguru.com.my/property-listing/casa-subang-for-sale-by-ray-goh-36710843
Subang,8,https://www.propertyguru.com.my/property-listing/casa-subang-for-sale-by-ray-goh-36710826
Subang,8,https://www.propertyguru.com.my/property-listing/casa-subang-for-sale-by-ray-goh-36710810
Subang,8,https://www.propertyguru.com.my/property-listing/subang-parkhomes-for-sale-by-intan-sophia-36709981
Subang,8,https://www.propertyguru.com.my/property-listing/subang-bestari-for-sale-by-zairul-hamedi-bin-zainal-36709217
Subang,8,https://www.propertyguru.com.my/property-listing/bukit-subang-for-sale-by-norfadilah-zainuddin-36708970
Subang,8,https://www.propertyguru.com.my/property-listing/subang-jaya-for-sale-by-grace-tan-32918566
Subang,8,https://www.propertyguru.com.my/property-listing/subang-jaya-for-sale-by-grace-tan-32918549
Subang,8,https://www.propertyguru.com.my/property-listing/subang-bestari-for-sale-by-jason-lai-35207367
Subang,9,https://www.propertyguru.com.my/property-listing/subang-avenue-for-sale-by-sean-lo-35915472
Subang,9,https://www.propertyguru.com.my/property-listing/empire-subang-for-sale-by-jeffsally-lee-36456682
Subang,9,https://www.propertyguru.com.my/property-listing/subang-parkhomes-for-sale-by-joseph-tan-33757437
Subang,9,https://www.propertyguru.com.my/property-listing/subang-parkhomes-for-sale-by-joseph-tan-32497382
Subang,9,https://www.propertyguru.com.my/property-listing/subang-parkhomes-for-sale-by-joseph-tan-35385094
Subang,9,https://www.propertyguru.com.my/property-listing/subang-parkhomes-for-sale-by-joseph-tan-31076310
Subang,9,https://www.propertyguru.com.my/property-listing/subang-bestari-for-sale-by-mohamad-khaidir-shah-md-razak-36698531
Subang,9,https://www.propertyguru.com.my/property-listing/bukit-subang-for-sale-by-winson-tam-34366723
Subang,9,https://www.propertyguru.com.my/property-listing/subang-bestari-for-sale-by-nadia-rahim-36697900
Subang,9,https://www.propertyguru.com.my/property-listing/subang-parkhomes-for-sale-by-carlson-chee-36695827
Subang,9,https://www.propertyguru.com.my/property-listing/subang-parkhomes-for-sale-by-carlson-chee-36695731
Subang,9,https://www.propertyguru.com.my/property-listing/subang-selangor-for-sale-by-cherly-chu-36499712
Subang,9,https://www.propertyguru.com.my/property-listing/casa-subang-for-sale-by-sherman-tan-36693872
Subang,9,https://www.propertyguru.com.my/property-listing/subang-bestari-for-sale-by-reena-sarif-36693165
Subang,9,https://www.propertyguru.com.my/property-listing/indera-subang-for-sale-by-azmi-othman-35282127
Subang,9,https://www.propertyguru.com.my/property-listing/subang-heights-for-sale-by-jacky-loh-36691856
Subang,9,https://www.propertyguru.com.my/property-listing/subang-heights-for-sale-by-siew-siew-35305325
Subang,9,https://www.propertyguru.com.my/property-listing/subang-jaya-for-sale-by-jackie-low-36690747
Subang,9,https://www.propertyguru.com.my/property-listing/subang-bestari-for-sale-by-siti-khairiyah-jaafar-35980031
Subang,9,https://www.propertyguru.com.my/property-listing/subang-jaya-for-sale-by-alan-tan-36689802
Subang,9,https://www.propertyguru.com.my/property-listing/subang-avenue-for-sale-by-sean-lo-35915472
Subang,9,https://www.propertyguru.com.my/property-listing/empire-subang-for-sale-by-jeffsally-lee-36456682
Subang,9,https://www.propertyguru.com.my/property-listing/subang-parkhomes-for-sale-by-joseph-tan-33757437
Subang,9,https://www.propertyguru.com.my/property-listing/subang-parkhomes-for-sale-by-joseph-tan-32497382
Subang,9,https://www.propertyguru.com.my/property-listing/subang-parkhomes-for-sale-by-joseph-tan-35385094
Subang,9,https://www.propertyguru.com.my/property-listing/subang-parkhomes-for-sale-by-joseph-tan-31076310
Subang,9,https://www.propertyguru.com.my/property-listing/subang-bestari-for-sale-by-mohamad-khaidir-shah-md-razak-36698531
Subang,9,https://www.propertyguru.com.my/property-listing/bukit-subang-for-sale-by-winson-tam-34366723
Subang,9,https://www.propertyguru.com.my/property-listing/subang-bestari-for-sale-by-nadia-rahim-36697900
Subang,9,https://www.propertyguru.com.my/property-listing/subang-parkhomes-for-sale-by-carlson-chee-36695827
Subang,9,https://www.propertyguru.com.my/property-listing/subang-parkhomes-for-sale-by-carlson-chee-36695731
Subang,9,https://www.propertyguru.com.my/property-listing/subang-selangor-for-sale-by-cherly-chu-36499712
Subang,9,https://www.propertyguru.com.my/property-listing/casa-subang-for-sale-by-sherman-tan-36693872
Subang,9,https://www.propertyguru.com.my/property-listing/subang-bestari-for-sale-by-reena-sarif-36693165
Subang,9,https://www.propertyguru.com.my/property-listing/indera-subang-for-sale-by-azmi-othman-35282127
Subang,9,https://www.propertyguru.com.my/property-listing/subang-heights-for-sale-by-jacky-loh-36691856
Subang,9,https://www.propertyguru.com.my/property-listing/subang-heights-for-sale-by-siew-siew-35305325
Subang,9,https://www.propertyguru.com.my/property-listing/subang-jaya-for-sale-by-jackie-low-36690747
Subang,9,https://www.propertyguru.com.my/property-listing/subang-bestari-for-sale-by-siti-khairiyah-jaafar-35980031
Subang,9,https://www.propertyguru.com.my/property-listing/subang-jaya-for-sale-by-alan-tan-36689802
Subang,9,https://www.propertyguru.com.my/property-listing/subang-avenue-for-sale-by-sean-lo-35915472
Subang,9,https://www.propertyguru.com.my/property-listing/empire-subang-for-sale-by-jeffsally-lee-36456682
Subang,9,https://www.propertyguru.com.my/property-listing/subang-parkhomes-for-sale-by-joseph-tan-33757437
Subang,9,https://www.propertyguru.com.my/property-listing/subang-parkhomes-for-sale-by-joseph-tan-32497382
Subang,9,https://www.propertyguru.com.my/property-listing/subang-parkhomes-for-sale-by-joseph-tan-35385094
Subang,9,https://www.propertyguru.com.my/property-listing/subang-parkhomes-for-sale-by-joseph-tan-31076310
Subang,9,https://www.propertyguru.com.my/property-listing/subang-bestari-for-sale-by-mohamad-khaidir-shah-md-razak-36698531
Subang,9,https://www.propertyguru.com.my/property-listing/bukit-subang-for-sale-by-winson-tam-34366723
Subang,9,https://www.propertyguru.com.my/property-listing/subang-bestari-for-sale-by-nadia-rahim-36697900
Subang,9,https://www.propertyguru.com.my/property-listing/subang-parkhomes-for-sale-by-carlson-chee-36695827
Subang,9,https://www.propertyguru.com.my/property-listing/subang-parkhomes-for-sale-by-carlson-chee-36695731
Subang,9,https://www.propertyguru.com.my/property-listing/subang-selangor-for-sale-by-cherly-chu-36499712
Subang,9,https://www.propertyguru.com.my/property-listing/casa-subang-for-sale-by-sherman-tan-36693872
Subang,9,https://www.propertyguru.com.my/property-listing/subang-bestari-for-sale-by-reena-sarif-36693165
Subang,9,https://www.propertyguru.com.my/property-listing/indera-subang-for-sale-by-azmi-othman-35282127
Subang,9,https://www.propertyguru.com.my/property-listing/subang-heights-for-sale-by-jacky-loh-36691856
Subang,9,https://www.propertyguru.com.my/property-listing/subang-heights-for-sale-by-siew-siew-35305325
Subang,9,https://www.propertyguru.com.my/property-listing/subang-jaya-for-sale-by-jackie-low-36690747
Subang,9,https://www.propertyguru.com.my/property-listing/subang-bestari-for-sale-by-siti-khairiyah-jaafar-35980031
Subang,9,https://www.propertyguru.com.my/property-listing/subang-jaya-for-sale-by-alan-tan-36689802
Subang,9,https://www.propertyguru.com.my/property-listing/subang-avenue-for-sale-by-sean-lo-35915472
Subang,9,https://www.propertyguru.com.my/property-listing/empire-subang-for-sale-by-jeffsally-lee-36456682
Subang,9,https://www.propertyguru.com.my/property-listing/subang-parkhomes-for-sale-by-joseph-tan-33757437
Subang,9,https://www.propertyguru.com.my/property-listing/subang-parkhomes-for-sale-by-joseph-tan-32497382
Subang,9,https://www.propertyguru.com.my/property-listing/subang-parkhomes-for-sale-by-joseph-tan-35385094
Subang,9,https://www.propertyguru.com.my/property-listing/subang-parkhomes-for-sale-by-joseph-tan-31076310
Subang,9,https://www.propertyguru.com.my/property-listing/subang-bestari-for-sale-by-mohamad-khaidir-shah-md-razak-36698531
Subang,9,https://www.propertyguru.com.my/property-listing/bukit-subang-for-sale-by-winson-tam-34366723
Subang,9,https://www.propertyguru.com.my/property-listing/subang-bestari-for-sale-by-nadia-rahim-36697900
Subang,9,https://www.propertyguru.com.my/property-listing/subang-parkhomes-for-sale-by-carlson-chee-36695827
Subang,9,https://www.propertyguru.com.my/property-listing/subang-parkhomes-for-sale-by-carlson-chee-36695731
Subang,9,https://www.propertyguru.com.my/property-listing/subang-selangor-for-sale-by-cherly-chu-36499712
Subang,9,https://www.propertyguru.com.my/property-listing/casa-subang-for-sale-by-sherman-tan-36693872
Subang,9,https://www.propertyguru.com.my/property-listing/subang-bestari-for-sale-by-reena-sarif-36693165
Subang,9,https://www.propertyguru.com.my/property-listing/indera-subang-for-sale-by-azmi-othman-35282127
Subang,9,https://www.propertyguru.com.my/property-listing/subang-heights-for-sale-by-jacky-loh-36691856
Subang,9,https://www.propertyguru.com.my/property-listing/subang-heights-for-sale-by-siew-siew-35305325
Subang,9,https://www.propertyguru.com.my/property-listing/subang-jaya-for-sale-by-jackie-low-36690747
Subang,9,https://www.propertyguru.com.my/property-listing/subang-bestari-for-sale-by-siti-khairiyah-jaafar-35980031
Subang,9,https://www.propertyguru.com.my/property-listing/subang-jaya-for-sale-by-alan-tan-36689802
Subang,9,https://www.propertyguru.com.my/property-listing/subang-avenue-for-sale-by-sean-lo-35915472
Subang,9,https://www.propertyguru.com.my/property-listing/empire-subang-for-sale-by-jeffsally-lee-36456682
Subang,9,https://www.propertyguru.com.my/property-listing/subang-parkhomes-for-sale-by-joseph-tan-33757437
Subang,9,https://www.propertyguru.com.my/property-listing/subang-parkhomes-for-sale-by-joseph-tan-32497382
Subang,9,https://www.propertyguru.com.my/property-listing/subang-parkhomes-for-sale-by-joseph-tan-35385094
Subang,9,https://www.propertyguru.com.my/property-listing/subang-parkhomes-for-sale-by-joseph-tan-31076310
Subang,9,https://www.propertyguru.com.my/property-listing/subang-bestari-for-sale-by-mohamad-khaidir-shah-md-razak-36698531
Subang,9,https://www.propertyguru.com.my/property-listing/bukit-subang-for-sale-by-winson-tam-34366723
Subang,9,https://www.propertyguru.com.my/property-listing/subang-bestari-for-sale-by-nadia-rahim-36697900
Subang,9,https://www.propertyguru.com.my/property-listing/subang-parkhomes-for-sale-by-carlson-chee-36695827
Subang,9,https://www.propertyguru.com.my/property-listing/subang-parkhomes-for-sale-by-carlson-chee-36695731
Subang,9,https://www.propertyguru.com.my/property-listing/subang-selangor-for-sale-by-cherly-chu-36499712
Subang,9,https://www.propertyguru.com.my/property-listing/casa-subang-for-sale-by-sherman-tan-36693872
Subang,9,https://www.propertyguru.com.my/property-listing/subang-bestari-for-sale-by-reena-sarif-36693165
Subang,9,https://www.propertyguru.com.my/property-listing/indera-subang-for-sale-by-azmi-othman-35282127
Subang,9,https://www.propertyguru.com.my/property-listing/subang-heights-for-sale-by-jacky-loh-36691856
Subang,9,https://www.propertyguru.com.my/property-listing/subang-heights-for-sale-by-siew-siew-35305325
Subang,9,https://www.propertyguru.com.my/property-listing/subang-jaya-for-sale-by-jackie-low-36690747
Subang,9,https://www.propertyguru.com.my/property-listing/subang-bestari-for-sale-by-siti-khairiyah-jaafar-35980031
Subang,9,https://www.propertyguru.com.my/property-listing/subang-jaya-for-sale-by-alan-tan-36689802
Subang,9,https://www.propertyguru.com.my/property-listing/subang-avenue-for-sale-by-sean-lo-35915472
Subang,9,https://www.propertyguru.com.my/property-listing/empire-subang-for-sale-by-jeffsally-lee-36456682
Subang,9,https://www.propertyguru.com.my/property-listing/subang-parkhomes-for-sale-by-joseph-tan-33757437
Subang,9,https://www.propertyguru.com.my/property-listing/subang-parkhomes-for-sale-by-joseph-tan-32497382
Subang,9,https://www.propertyguru.com.my/property-listing/subang-parkhomes-for-sale-by-joseph-tan-35385094
Subang,9,https://www.propertyguru.com.my/property-listing/subang-parkhomes-for-sale-by-joseph-tan-31076310
Subang,9,https://www.propertyguru.com.my/property-listing/subang-bestari-for-sale-by-mohamad-khaidir-shah-md-razak-36698531
Subang,9,https://www.propertyguru.com.my/property-listing/bukit-subang-for-sale-by-winson-tam-34366723
Subang,9,https://www.propertyguru.com.my/property-listing/subang-bestari-for-sale-by-nadia-rahim-36697900
Subang,9,https://www.propertyguru.com.my/property-listing/subang-parkhomes-for-sale-by-carlson-chee-36695827
Subang,9,https://www.propertyguru.com.my/property-listing/subang-parkhomes-for-sale-by-carlson-chee-36695731
Subang,9,https://www.propertyguru.com.my/property-listing/subang-selangor-for-sale-by-cherly-chu-36499712
Subang,9,https://www.propertyguru.com.my/property-listing/casa-subang-for-sale-by-sherman-tan-36693872
Subang,9,https://www.propertyguru.com.my/property-listing/subang-bestari-for-sale-by-reena-sarif-36693165
Subang,9,https://www.propertyguru.com.my/property-listing/indera-subang-for-sale-by-azmi-othman-35282127
Subang,9,https://www.propertyguru.com.my/property-listing/subang-heights-for-sale-by-jacky-loh-36691856
Subang,9,https://www.propertyguru.com.my/property-listing/subang-heights-for-sale-by-siew-siew-35305325
Subang,9,https://www.propertyguru.com.my/property-listing/subang-jaya-for-sale-by-jackie-low-36690747
Subang,9,https://www.propertyguru.com.my/property-listing/subang-bestari-for-sale-by-siti-khairiyah-jaafar-35980031
Subang,9,https://www.propertyguru.com.my/property-listing/subang-jaya-for-sale-by-alan-tan-36689802
Subang,10,https://www.propertyguru.com.my/property-listing/subang-bestari-for-sale-by-chong-shun-kae-36689595
Subang,10,https://www.propertyguru.com.my/property-listing/subang-bestari-for-sale-by-shiqin-saidin-36241048
Subang,10,https://www.propertyguru.com.my/property-listing/subang-bestari-for-sale-by-shiqin-saidin-36404258
Subang,10,https://www.propertyguru.com.my/property-listing/subang-jaya-for-sale-by-zaiful-ismail-33093017
Subang,10,https://www.propertyguru.com.my/property-listing/subang-parkhomes-for-sale-by-lorna-lim-35439321
Subang,10,https://www.propertyguru.com.my/property-listing/bukit-subang-for-sale-by-jeff-tan-36687240
Subang,10,https://www.propertyguru.com.my/property-listing/subang-parkhomes-for-sale-by-hon-ian-34558146
Subang,10,https://www.propertyguru.com.my/property-listing/casa-subang-for-sale-by-khairi-azizi-36373162
Subang,10,https://www.propertyguru.com.my/property-listing/subang-heights-for-sale-by-benn-tan-35938833
Subang,10,https://www.propertyguru.com.my/property-listing/subang-jaya-for-sale-by-eddy-azuan-34048152
Subang,10,https://www.propertyguru.com.my/property-listing/subang-jaya-for-sale-by-nazirul-akmal-36678709
Subang,10,https://www.propertyguru.com.my/property-listing/subang-soho-for-sale-by-karen-ong-36678533
Subang,10,https://www.propertyguru.com.my/property-listing/subang-soho-for-sale-by-karen-ong-36678530
Subang,10,https://www.propertyguru.com.my/property-listing/subang-soho-for-sale-by-karen-ong-36678528
Subang,10,https://www.propertyguru.com.my/property-listing/subang-soho-for-sale-by-karen-ong-36678525
Subang,10,https://www.propertyguru.com.my/property-listing/subang-soho-for-sale-by-karen-ong-36678445
Subang,10,https://www.propertyguru.com.my/property-listing/casa-subang-for-sale-by-ganeshwaran-36156360
Subang,10,https://www.propertyguru.com.my/property-listing/subang-soho-for-sale-by-karen-ong-36678310
Subang,10,https://www.propertyguru.com.my/property-listing/subang-parkhomes-for-sale-by-bryan-chan-36673656
Subang,10,https://www.propertyguru.com.my/property-listing/subang-soho-for-sale-by-brandy-36673497
